Date,Day,Month Name,Month,Month Short,Year,Month-Year,Yearly Row Index,X,Y
"miércoles, 1 de enero de 2020",1,Jan,1,J,2020,,1,1,1
"jueves, 2 de enero de 2020",2,Jan,1,J,2020,,2,2,1
"viernes, 3 de enero de 2020",3,Jan,1,J,2020,,3,3,1
"sábado, 4 de enero de 2020",4,Jan,1,J,2020,,4,4,1
"domingo, 5 de enero de 2020",5,Jan,1,J,2020,,5,5,1
"lunes, 6 de enero de 2020",6,Jan,1,J,2020,,6,6,1
"martes, 7 de enero de 2020",7,Jan,1,J,2020,,7,7,1
"miércoles, 8 de enero de 2020",8,Jan,1,J,2020,,8,8,1
"jueves, 9 de enero de 2020",9,Jan,1,J,2020,,9,9,1
"viernes, 10 de enero de 2020",10,Jan,1,J,2020,,10,10,1
"sábado, 11 de enero de 2020",11,Jan,1,J,2020,,11,11,1
"domingo, 12 de enero de 2020",12,Jan,1,J,2020,,12,12,1
"lunes, 13 de enero de 2020",13,Jan,1,J,2020,,13,13,1
"martes, 14 de enero de 2020",14,Jan,1,J,2020,,14,14,1
"miércoles, 15 de enero de 2020",15,Jan,1,J,2020,,15,15,1
"jueves, 16 de enero de 2020",16,Jan,1,J,2020,,16,16,1
"viernes, 17 de enero de 2020",17,Jan,1,J,2020,,17,17,1
"sábado, 18 de enero de 2020",18,Jan,1,J,2020,,18,18,1
"domingo, 19 de enero de 2020",19,Jan,1,J,2020,,19,19,1
"lunes, 20 de enero de 2020",20,Jan,1,J,2020,,20,20,1
"martes, 21 de enero de 2020",21,Jan,1,J,2020,,21,21,1
"miércoles, 22 de enero de 2020",22,Jan,1,J,2020,,22,22,1
"jueves, 23 de enero de 2020",23,Jan,1,J,2020,,23,23,1
"viernes, 24 de enero de 2020",24,Jan,1,J,2020,,24,24,1
"sábado, 25 de enero de 2020",25,Jan,1,J,2020,,25,25,1
"domingo, 26 de enero de 2020",26,Jan,1,J,2020,,26,26,1
"lunes, 27 de enero de 2020",27,Jan,1,J,2020,,27,27,1
"martes, 28 de enero de 2020",28,Jan,1,J,2020,,28,28,1
"miércoles, 29 de enero de 2020",29,Jan,1,J,2020,,29,29,1
"jueves, 30 de enero de 2020",30,Jan,1,J,2020,,30,30,1
"viernes, 31 de enero de 2020",31,Jan,1,J,2020,,31,1,2
"sábado, 1 de febrero de 2020",1,Feb,2,F,2020,,32,2,2
"domingo, 2 de febrero de 2020",2,Feb,2,F,2020,,33,3,2
"lunes, 3 de febrero de 2020",3,Feb,2,F,2020,,34,4,2
"martes, 4 de febrero de 2020",4,Feb,2,F,2020,,35,5,2
"miércoles, 5 de febrero de 2020",5,Feb,2,F,2020,,36,6,2
"jueves, 6 de febrero de 2020",6,Feb,2,F,2020,,37,7,2
"viernes, 7 de febrero de 2020",7,Feb,2,F,2020,,38,8,2
"sábado, 8 de febrero de 2020",8,Feb,2,F,2020,,39,9,2
"domingo, 9 de febrero de 2020",9,Feb,2,F,2020,,40,10,2
"lunes, 10 de febrero de 2020",10,Feb,2,F,2020,,41,11,2
"martes, 11 de febrero de 2020",11,Feb,2,F,2020,,42,12,2
"miércoles, 12 de febrero de 2020",12,Feb,2,F,2020,,43,13,2
"jueves, 13 de febrero de 2020",13,Feb,2,F,2020,,44,14,2
"viernes, 14 de febrero de 2020",14,Feb,2,F,2020,,45,15,2
"sábado, 15 de febrero de 2020",15,Feb,2,F,2020,,46,16,2
"domingo, 16 de febrero de 2020",16,Feb,2,F,2020,,47,17,2
"lunes, 17 de febrero de 2020",17,Feb,2,F,2020,,48,18,2
"martes, 18 de febrero de 2020",18,Feb,2,F,2020,,49,19,2
"miércoles, 19 de febrero de 2020",19,Feb,2,F,2020,,50,20,2
"jueves, 20 de febrero de 2020",20,Feb,2,F,2020,,51,21,2
"viernes, 21 de febrero de 2020",21,Feb,2,F,2020,,52,22,2
"sábado, 22 de febrero de 2020",22,Feb,2,F,2020,,53,23,2
"domingo, 23 de febrero de 2020",23,Feb,2,F,2020,,54,24,2
"lunes, 24 de febrero de 2020",24,Feb,2,F,2020,,55,25,2
"martes, 25 de febrero de 2020",25,Feb,2,F,2020,,56,26,2
"miércoles, 26 de febrero de 2020",26,Feb,2,F,2020,,57,27,2
"jueves, 27 de febrero de 2020",27,Feb,2,F,2020,,58,28,2
"viernes, 28 de febrero de 2020",28,Feb,2,F,2020,,59,29,2
"sábado, 29 de febrero de 2020",29,Feb,2,F,2020,,60,30,2
"domingo, 1 de marzo de 2020",1,Mar,3,M,2020,,61,1,3
"lunes, 2 de marzo de 2020",2,Mar,3,M,2020,,62,2,3
"martes, 3 de marzo de 2020",3,Mar,3,M,2020,,63,3,3
"miércoles, 4 de marzo de 2020",4,Mar,3,M,2020,,64,4,3
"jueves, 5 de marzo de 2020",5,Mar,3,M,2020,,65,5,3
"viernes, 6 de marzo de 2020",6,Mar,3,M,2020,,66,6,3
"sábado, 7 de marzo de 2020",7,Mar,3,M,2020,,67,7,3
"domingo, 8 de marzo de 2020",8,Mar,3,M,2020,,68,8,3
"lunes, 9 de marzo de 2020",9,Mar,3,M,2020,,69,9,3
"martes, 10 de marzo de 2020",10,Mar,3,M,2020,,70,10,3
"miércoles, 11 de marzo de 2020",11,Mar,3,M,2020,,71,11,3
"jueves, 12 de marzo de 2020",12,Mar,3,M,2020,,72,12,3
"viernes, 13 de marzo de 2020",13,Mar,3,M,2020,,73,13,3
"sábado, 14 de marzo de 2020",14,Mar,3,M,2020,,74,14,3
"domingo, 15 de marzo de 2020",15,Mar,3,M,2020,,75,15,3
"lunes, 16 de marzo de 2020",16,Mar,3,M,2020,,76,16,3
"martes, 17 de marzo de 2020",17,Mar,3,M,2020,,77,17,3
"miércoles, 18 de marzo de 2020",18,Mar,3,M,2020,,78,18,3
"jueves, 19 de marzo de 2020",19,Mar,3,M,2020,,79,19,3
"viernes, 20 de marzo de 2020",20,Mar,3,M,2020,,80,20,3
"sábado, 21 de marzo de 2020",21,Mar,3,M,2020,,81,21,3
"domingo, 22 de marzo de 2020",22,Mar,3,M,2020,,82,22,3
"lunes, 23 de marzo de 2020",23,Mar,3,M,2020,,83,23,3
"martes, 24 de marzo de 2020",24,Mar,3,M,2020,,84,24,3
"miércoles, 25 de marzo de 2020",25,Mar,3,M,2020,,85,25,3
"jueves, 26 de marzo de 2020",26,Mar,3,M,2020,,86,26,3
"viernes, 27 de marzo de 2020",27,Mar,3,M,2020,,87,27,3
"sábado, 28 de marzo de 2020",28,Mar,3,M,2020,,88,28,3
"domingo, 29 de marzo de 2020",29,Mar,3,M,2020,,89,29,3
"lunes, 30 de marzo de 2020",30,Mar,3,M,2020,,90,30,3
"martes, 31 de marzo de 2020",31,Mar,3,M,2020,,91,1,4
"miércoles, 1 de abril de 2020",1,Apr,4,A,2020,,92,2,4
"jueves, 2 de abril de 2020",2,Apr,4,A,2020,,93,3,4
"viernes, 3 de abril de 2020",3,Apr,4,A,2020,,94,4,4
"sábado, 4 de abril de 2020",4,Apr,4,A,2020,,95,5,4
"domingo, 5 de abril de 2020",5,Apr,4,A,2020,,96,6,4
"lunes, 6 de abril de 2020",6,Apr,4,A,2020,,97,7,4
"martes, 7 de abril de 2020",7,Apr,4,A,2020,,98,8,4
"miércoles, 8 de abril de 2020",8,Apr,4,A,2020,,99,9,4
"jueves, 9 de abril de 2020",9,Apr,4,A,2020,,100,10,4
"viernes, 10 de abril de 2020",10,Apr,4,A,2020,,101,11,4
"sábado, 11 de abril de 2020",11,Apr,4,A,2020,,102,12,4
"domingo, 12 de abril de 2020",12,Apr,4,A,2020,,103,13,4
"lunes, 13 de abril de 2020",13,Apr,4,A,2020,,104,14,4
"martes, 14 de abril de 2020",14,Apr,4,A,2020,,105,15,4
"miércoles, 15 de abril de 2020",15,Apr,4,A,2020,,106,16,4
"jueves, 16 de abril de 2020",16,Apr,4,A,2020,,107,17,4
"viernes, 17 de abril de 2020",17,Apr,4,A,2020,,108,18,4
"sábado, 18 de abril de 2020",18,Apr,4,A,2020,,109,19,4
"domingo, 19 de abril de 2020",19,Apr,4,A,2020,,110,20,4
"lunes, 20 de abril de 2020",20,Apr,4,A,2020,,111,21,4
"martes, 21 de abril de 2020",21,Apr,4,A,2020,,112,22,4
"miércoles, 22 de abril de 2020",22,Apr,4,A,2020,,113,23,4
"jueves, 23 de abril de 2020",23,Apr,4,A,2020,,114,24,4
"viernes, 24 de abril de 2020",24,Apr,4,A,2020,,115,25,4
"sábado, 25 de abril de 2020",25,Apr,4,A,2020,,116,26,4
"domingo, 26 de abril de 2020",26,Apr,4,A,2020,,117,27,4
"lunes, 27 de abril de 2020",27,Apr,4,A,2020,,118,28,4
"martes, 28 de abril de 2020",28,Apr,4,A,2020,,119,29,4
"miércoles, 29 de abril de 2020",29,Apr,4,A,2020,,120,30,4
"jueves, 30 de abril de 2020",30,Apr,4,A,2020,,121,1,5
"viernes, 1 de mayo de 2020",1,May,5,M,2020,,122,2,5
"sábado, 2 de mayo de 2020",2,May,5,M,2020,,123,3,5
"domingo, 3 de mayo de 2020",3,May,5,M,2020,,124,4,5
"lunes, 4 de mayo de 2020",4,May,5,M,2020,,125,5,5
"martes, 5 de mayo de 2020",5,May,5,M,2020,,126,6,5
"miércoles, 6 de mayo de 2020",6,May,5,M,2020,,127,7,5
"jueves, 7 de mayo de 2020",7,May,5,M,2020,,128,8,5
"viernes, 8 de mayo de 2020",8,May,5,M,2020,,129,9,5
"sábado, 9 de mayo de 2020",9,May,5,M,2020,,130,10,5
"domingo, 10 de mayo de 2020",10,May,5,M,2020,,131,11,5
"lunes, 11 de mayo de 2020",11,May,5,M,2020,,132,12,5
"martes, 12 de mayo de 2020",12,May,5,M,2020,,133,13,5
"miércoles, 13 de mayo de 2020",13,May,5,M,2020,,134,14,5
"jueves, 14 de mayo de 2020",14,May,5,M,2020,,135,15,5
"viernes, 15 de mayo de 2020",15,May,5,M,2020,,136,16,5
"sábado, 16 de mayo de 2020",16,May,5,M,2020,,137,17,5
"domingo, 17 de mayo de 2020",17,May,5,M,2020,,138,18,5
"lunes, 18 de mayo de 2020",18,May,5,M,2020,,139,19,5
"martes, 19 de mayo de 2020",19,May,5,M,2020,,140,20,5
"miércoles, 20 de mayo de 2020",20,May,5,M,2020,,141,21,5
"jueves, 21 de mayo de 2020",21,May,5,M,2020,,142,22,5
"viernes, 22 de mayo de 2020",22,May,5,M,2020,,143,23,5
"sábado, 23 de mayo de 2020",23,May,5,M,2020,,144,24,5
"domingo, 24 de mayo de 2020",24,May,5,M,2020,,145,25,5
"lunes, 25 de mayo de 2020",25,May,5,M,2020,,146,26,5
"martes, 26 de mayo de 2020",26,May,5,M,2020,,147,27,5
"miércoles, 27 de mayo de 2020",27,May,5,M,2020,,148,28,5
"jueves, 28 de mayo de 2020",28,May,5,M,2020,,149,29,5
"viernes, 29 de mayo de 2020",29,May,5,M,2020,,150,30,5
"sábado, 30 de mayo de 2020",30,May,5,M,2020,,151,1,6
"domingo, 31 de mayo de 2020",31,May,5,M,2020,,152,2,6
"lunes, 1 de junio de 2020",1,Jun,6,J,2020,,153,3,6
"martes, 2 de junio de 2020",2,Jun,6,J,2020,,154,4,6
"miércoles, 3 de junio de 2020",3,Jun,6,J,2020,,155,5,6
"jueves, 4 de junio de 2020",4,Jun,6,J,2020,,156,6,6
"viernes, 5 de junio de 2020",5,Jun,6,J,2020,,157,7,6
"sábado, 6 de junio de 2020",6,Jun,6,J,2020,,158,8,6
"domingo, 7 de junio de 2020",7,Jun,6,J,2020,,159,9,6
"lunes, 8 de junio de 2020",8,Jun,6,J,2020,,160,10,6
"martes, 9 de junio de 2020",9,Jun,6,J,2020,,161,11,6
"miércoles, 10 de junio de 2020",10,Jun,6,J,2020,,162,12,6
"jueves, 11 de junio de 2020",11,Jun,6,J,2020,,163,13,6
"viernes, 12 de junio de 2020",12,Jun,6,J,2020,,164,14,6
"sábado, 13 de junio de 2020",13,Jun,6,J,2020,,165,15,6
"domingo, 14 de junio de 2020",14,Jun,6,J,2020,,166,16,6
"lunes, 15 de junio de 2020",15,Jun,6,J,2020,,167,17,6
"martes, 16 de junio de 2020",16,Jun,6,J,2020,,168,18,6
"miércoles, 17 de junio de 2020",17,Jun,6,J,2020,,169,19,6
"jueves, 18 de junio de 2020",18,Jun,6,J,2020,,170,20,6
"viernes, 19 de junio de 2020",19,Jun,6,J,2020,,171,21,6
"sábado, 20 de junio de 2020",20,Jun,6,J,2020,,172,22,6
"domingo, 21 de junio de 2020",21,Jun,6,J,2020,,173,23,6
"lunes, 22 de junio de 2020",22,Jun,6,J,2020,,174,24,6
"martes, 23 de junio de 2020",23,Jun,6,J,2020,,175,25,6
"miércoles, 24 de junio de 2020",24,Jun,6,J,2020,,176,26,6
"jueves, 25 de junio de 2020",25,Jun,6,J,2020,,177,27,6
"viernes, 26 de junio de 2020",26,Jun,6,J,2020,,178,28,6
"sábado, 27 de junio de 2020",27,Jun,6,J,2020,,179,29,6
"domingo, 28 de junio de 2020",28,Jun,6,J,2020,,180,30,6
"lunes, 29 de junio de 2020",29,Jun,6,J,2020,,181,1,7
"martes, 30 de junio de 2020",30,Jun,6,J,2020,,182,2,7
"miércoles, 1 de julio de 2020",1,Jul,7,J,2020,,183,3,7
"jueves, 2 de julio de 2020",2,Jul,7,J,2020,,184,4,7
"viernes, 3 de julio de 2020",3,Jul,7,J,2020,,185,5,7
"sábado, 4 de julio de 2020",4,Jul,7,J,2020,,186,6,7
"domingo, 5 de julio de 2020",5,Jul,7,J,2020,,187,7,7
"lunes, 6 de julio de 2020",6,Jul,7,J,2020,,188,8,7
"martes, 7 de julio de 2020",7,Jul,7,J,2020,,189,9,7
"miércoles, 8 de julio de 2020",8,Jul,7,J,2020,,190,10,7
"jueves, 9 de julio de 2020",9,Jul,7,J,2020,,191,11,7
"viernes, 10 de julio de 2020",10,Jul,7,J,2020,,192,12,7
"sábado, 11 de julio de 2020",11,Jul,7,J,2020,,193,13,7
"domingo, 12 de julio de 2020",12,Jul,7,J,2020,,194,14,7
"lunes, 13 de julio de 2020",13,Jul,7,J,2020,,195,15,7
"martes, 14 de julio de 2020",14,Jul,7,J,2020,,196,16,7
"miércoles, 15 de julio de 2020",15,Jul,7,J,2020,,197,17,7
"jueves, 16 de julio de 2020",16,Jul,7,J,2020,,198,18,7
"viernes, 17 de julio de 2020",17,Jul,7,J,2020,,199,19,7
"sábado, 18 de julio de 2020",18,Jul,7,J,2020,,200,20,7
"domingo, 19 de julio de 2020",19,Jul,7,J,2020,,201,21,7
"lunes, 20 de julio de 2020",20,Jul,7,J,2020,,202,22,7
"martes, 21 de julio de 2020",21,Jul,7,J,2020,,203,23,7
"miércoles, 22 de julio de 2020",22,Jul,7,J,2020,,204,24,7
"jueves, 23 de julio de 2020",23,Jul,7,J,2020,,205,25,7
"viernes, 24 de julio de 2020",24,Jul,7,J,2020,,206,26,7
"sábado, 25 de julio de 2020",25,Jul,7,J,2020,,207,27,7
"domingo, 26 de julio de 2020",26,Jul,7,J,2020,,208,28,7
"lunes, 27 de julio de 2020",27,Jul,7,J,2020,,209,29,7
"martes, 28 de julio de 2020",28,Jul,7,J,2020,,210,30,7
"miércoles, 29 de julio de 2020",29,Jul,7,J,2020,,211,1,8
"jueves, 30 de julio de 2020",30,Jul,7,J,2020,,212,2,8
"viernes, 31 de julio de 2020",31,Jul,7,J,2020,,213,3,8
"sábado, 1 de agosto de 2020",1,Aug,8,A,2020,,214,4,8
"domingo, 2 de agosto de 2020",2,Aug,8,A,2020,,215,5,8
"lunes, 3 de agosto de 2020",3,Aug,8,A,2020,,216,6,8
"martes, 4 de agosto de 2020",4,Aug,8,A,2020,,217,7,8
"miércoles, 5 de agosto de 2020",5,Aug,8,A,2020,,218,8,8
"jueves, 6 de agosto de 2020",6,Aug,8,A,2020,,219,9,8
"viernes, 7 de agosto de 2020",7,Aug,8,A,2020,,220,10,8
"sábado, 8 de agosto de 2020",8,Aug,8,A,2020,,221,11,8
"domingo, 9 de agosto de 2020",9,Aug,8,A,2020,,222,12,8
"lunes, 10 de agosto de 2020",10,Aug,8,A,2020,,223,13,8
"martes, 11 de agosto de 2020",11,Aug,8,A,2020,,224,14,8
"miércoles, 12 de agosto de 2020",12,Aug,8,A,2020,,225,15,8
"jueves, 13 de agosto de 2020",13,Aug,8,A,2020,,226,16,8
"viernes, 14 de agosto de 2020",14,Aug,8,A,2020,,227,17,8
"sábado, 15 de agosto de 2020",15,Aug,8,A,2020,,228,18,8
"domingo, 16 de agosto de 2020",16,Aug,8,A,2020,,229,19,8
"lunes, 17 de agosto de 2020",17,Aug,8,A,2020,,230,20,8
"martes, 18 de agosto de 2020",18,Aug,8,A,2020,,231,21,8
"miércoles, 19 de agosto de 2020",19,Aug,8,A,2020,,232,22,8
"jueves, 20 de agosto de 2020",20,Aug,8,A,2020,,233,23,8
"viernes, 21 de agosto de 2020",21,Aug,8,A,2020,,234,24,8
"sábado, 22 de agosto de 2020",22,Aug,8,A,2020,,235,25,8
"domingo, 23 de agosto de 2020",23,Aug,8,A,2020,,236,26,8
"lunes, 24 de agosto de 2020",24,Aug,8,A,2020,,237,27,8
"martes, 25 de agosto de 2020",25,Aug,8,A,2020,,238,28,8
"miércoles, 26 de agosto de 2020",26,Aug,8,A,2020,,239,29,8
"jueves, 27 de agosto de 2020",27,Aug,8,A,2020,,240,30,8
"viernes, 28 de agosto de 2020",28,Aug,8,A,2020,,241,1,9
"sábado, 29 de agosto de 2020",29,Aug,8,A,2020,,242,2,9
"domingo, 30 de agosto de 2020",30,Aug,8,A,2020,,243,3,9
"lunes, 31 de agosto de 2020",31,Aug,8,A,2020,,244,4,9
"martes, 1 de septiembre de 2020",1,Sep,9,S,2020,,245,5,9
"miércoles, 2 de septiembre de 2020",2,Sep,9,S,2020,,246,6,9
"jueves, 3 de septiembre de 2020",3,Sep,9,S,2020,,247,7,9
"viernes, 4 de septiembre de 2020",4,Sep,9,S,2020,,248,8,9
"sábado, 5 de septiembre de 2020",5,Sep,9,S,2020,,249,9,9
"domingo, 6 de septiembre de 2020",6,Sep,9,S,2020,,250,10,9
"lunes, 7 de septiembre de 2020",7,Sep,9,S,2020,,251,11,9
"martes, 8 de septiembre de 2020",8,Sep,9,S,2020,,252,12,9
"miércoles, 9 de septiembre de 2020",9,Sep,9,S,2020,,253,13,9
"jueves, 10 de septiembre de 2020",10,Sep,9,S,2020,,254,14,9
"viernes, 11 de septiembre de 2020",11,Sep,9,S,2020,,255,15,9
"sábado, 12 de septiembre de 2020",12,Sep,9,S,2020,,256,16,9
"domingo, 13 de septiembre de 2020",13,Sep,9,S,2020,,257,17,9
"lunes, 14 de septiembre de 2020",14,Sep,9,S,2020,,258,18,9
"martes, 15 de septiembre de 2020",15,Sep,9,S,2020,,259,19,9
"miércoles, 16 de septiembre de 2020",16,Sep,9,S,2020,,260,20,9
"jueves, 17 de septiembre de 2020",17,Sep,9,S,2020,,261,21,9
"viernes, 18 de septiembre de 2020",18,Sep,9,S,2020,,262,22,9
"sábado, 19 de septiembre de 2020",19,Sep,9,S,2020,,263,23,9
"domingo, 20 de septiembre de 2020",20,Sep,9,S,2020,,264,24,9
"lunes, 21 de septiembre de 2020",21,Sep,9,S,2020,,265,25,9
"martes, 22 de septiembre de 2020",22,Sep,9,S,2020,,266,26,9
"miércoles, 23 de septiembre de 2020",23,Sep,9,S,2020,,267,27,9
"jueves, 24 de septiembre de 2020",24,Sep,9,S,2020,,268,28,9
"viernes, 25 de septiembre de 2020",25,Sep,9,S,2020,,269,29,9
"sábado, 26 de septiembre de 2020",26,Sep,9,S,2020,,270,30,9
"domingo, 27 de septiembre de 2020",27,Sep,9,S,2020,,271,1,10
"lunes, 28 de septiembre de 2020",28,Sep,9,S,2020,,272,2,10
"martes, 29 de septiembre de 2020",29,Sep,9,S,2020,,273,3,10
"miércoles, 30 de septiembre de 2020",30,Sep,9,S,2020,,274,4,10
"jueves, 1 de octubre de 2020",1,Oct,10,O,2020,,275,5,10
"viernes, 2 de octubre de 2020",2,Oct,10,O,2020,,276,6,10
"sábado, 3 de octubre de 2020",3,Oct,10,O,2020,,277,7,10
"domingo, 4 de octubre de 2020",4,Oct,10,O,2020,,278,8,10
"lunes, 5 de octubre de 2020",5,Oct,10,O,2020,,279,9,10
"martes, 6 de octubre de 2020",6,Oct,10,O,2020,,280,10,10
"miércoles, 7 de octubre de 2020",7,Oct,10,O,2020,,281,11,10
"jueves, 8 de octubre de 2020",8,Oct,10,O,2020,,282,12,10
"viernes, 9 de octubre de 2020",9,Oct,10,O,2020,,283,13,10
"sábado, 10 de octubre de 2020",10,Oct,10,O,2020,,284,14,10
"domingo, 11 de octubre de 2020",11,Oct,10,O,2020,,285,15,10
"lunes, 12 de octubre de 2020",12,Oct,10,O,2020,,286,16,10
"martes, 13 de octubre de 2020",13,Oct,10,O,2020,,287,17,10
"miércoles, 14 de octubre de 2020",14,Oct,10,O,2020,,288,18,10
"jueves, 15 de octubre de 2020",15,Oct,10,O,2020,,289,19,10
"viernes, 16 de octubre de 2020",16,Oct,10,O,2020,,290,20,10
"sábado, 17 de octubre de 2020",17,Oct,10,O,2020,,291,21,10
"domingo, 18 de octubre de 2020",18,Oct,10,O,2020,,292,22,10
"lunes, 19 de octubre de 2020",19,Oct,10,O,2020,,293,23,10
"martes, 20 de octubre de 2020",20,Oct,10,O,2020,,294,24,10
"miércoles, 21 de octubre de 2020",21,Oct,10,O,2020,,295,25,10
"jueves, 22 de octubre de 2020",22,Oct,10,O,2020,,296,26,10
"viernes, 23 de octubre de 2020",23,Oct,10,O,2020,,297,27,10
"sábado, 24 de octubre de 2020",24,Oct,10,O,2020,,298,28,10
"domingo, 25 de octubre de 2020",25,Oct,10,O,2020,,299,29,10
"lunes, 26 de octubre de 2020",26,Oct,10,O,2020,,300,30,10
"martes, 27 de octubre de 2020",27,Oct,10,O,2020,,301,1,11
"miércoles, 28 de octubre de 2020",28,Oct,10,O,2020,,302,2,11
"jueves, 29 de octubre de 2020",29,Oct,10,O,2020,,303,3,11
"viernes, 30 de octubre de 2020",30,Oct,10,O,2020,,304,4,11
"sábado, 31 de octubre de 2020",31,Oct,10,O,2020,,305,5,11
"domingo, 1 de noviembre de 2020",1,Nov,11,N,2020,,306,6,11
"lunes, 2 de noviembre de 2020",2,Nov,11,N,2020,,307,7,11
"martes, 3 de noviembre de 2020",3,Nov,11,N,2020,,308,8,11
"miércoles, 4 de noviembre de 2020",4,Nov,11,N,2020,,309,9,11
"jueves, 5 de noviembre de 2020",5,Nov,11,N,2020,,310,10,11
"viernes, 6 de noviembre de 2020",6,Nov,11,N,2020,,311,11,11
"sábado, 7 de noviembre de 2020",7,Nov,11,N,2020,,312,12,11
"domingo, 8 de noviembre de 2020",8,Nov,11,N,2020,,313,13,11
"lunes, 9 de noviembre de 2020",9,Nov,11,N,2020,,314,14,11
"martes, 10 de noviembre de 2020",10,Nov,11,N,2020,,315,15,11
"miércoles, 11 de noviembre de 2020",11,Nov,11,N,2020,,316,16,11
"jueves, 12 de noviembre de 2020",12,Nov,11,N,2020,,317,17,11
"viernes, 13 de noviembre de 2020",13,Nov,11,N,2020,,318,18,11
"sábado, 14 de noviembre de 2020",14,Nov,11,N,2020,,319,19,11
"domingo, 15 de noviembre de 2020",15,Nov,11,N,2020,,320,20,11
"lunes, 16 de noviembre de 2020",16,Nov,11,N,2020,,321,21,11
"martes, 17 de noviembre de 2020",17,Nov,11,N,2020,,322,22,11
"miércoles, 18 de noviembre de 2020",18,Nov,11,N,2020,,323,23,11
"jueves, 19 de noviembre de 2020",19,Nov,11,N,2020,,324,24,11
"viernes, 20 de noviembre de 2020",20,Nov,11,N,2020,,325,25,11
"sábado, 21 de noviembre de 2020",21,Nov,11,N,2020,,326,26,11
"domingo, 22 de noviembre de 2020",22,Nov,11,N,2020,,327,27,11
"lunes, 23 de noviembre de 2020",23,Nov,11,N,2020,,328,28,11
"martes, 24 de noviembre de 2020",24,Nov,11,N,2020,,329,29,11
"miércoles, 25 de noviembre de 2020",25,Nov,11,N,2020,,330,30,11
"jueves, 26 de noviembre de 2020",26,Nov,11,N,2020,,331,1,12
"viernes, 27 de noviembre de 2020",27,Nov,11,N,2020,,332,2,12
"sábado, 28 de noviembre de 2020",28,Nov,11,N,2020,,333,3,12
"domingo, 29 de noviembre de 2020",29,Nov,11,N,2020,,334,4,12
"lunes, 30 de noviembre de 2020",30,Nov,11,N,2020,,335,5,12
"martes, 1 de diciembre de 2020",1,Dec,12,D,2020,,336,6,12
"miércoles, 2 de diciembre de 2020",2,Dec,12,D,2020,,337,7,12
"jueves, 3 de diciembre de 2020",3,Dec,12,D,2020,,338,8,12
"viernes, 4 de diciembre de 2020",4,Dec,12,D,2020,,339,9,12
"sábado, 5 de diciembre de 2020",5,Dec,12,D,2020,,340,10,12
"domingo, 6 de diciembre de 2020",6,Dec,12,D,2020,,341,11,12
"lunes, 7 de diciembre de 2020",7,Dec,12,D,2020,,342,12,12
"martes, 8 de diciembre de 2020",8,Dec,12,D,2020,,343,13,12
"miércoles, 9 de diciembre de 2020",9,Dec,12,D,2020,,344,14,12
"jueves, 10 de diciembre de 2020",10,Dec,12,D,2020,,345,15,12
"viernes, 11 de diciembre de 2020",11,Dec,12,D,2020,,346,16,12
"sábado, 12 de diciembre de 2020",12,Dec,12,D,2020,,347,17,12
"domingo, 13 de diciembre de 2020",13,Dec,12,D,2020,,348,18,12
"lunes, 14 de diciembre de 2020",14,Dec,12,D,2020,,349,19,12
"martes, 15 de diciembre de 2020",15,Dec,12,D,2020,,350,20,12
"miércoles, 16 de diciembre de 2020",16,Dec,12,D,2020,,351,21,12
"jueves, 17 de diciembre de 2020",17,Dec,12,D,2020,,352,22,12
"viernes, 18 de diciembre de 2020",18,Dec,12,D,2020,,353,23,12
"sábado, 19 de diciembre de 2020",19,Dec,12,D,2020,,354,24,12
"domingo, 20 de diciembre de 2020",20,Dec,12,D,2020,,355,25,12
"lunes, 21 de diciembre de 2020",21,Dec,12,D,2020,,356,26,12
"martes, 22 de diciembre de 2020",22,Dec,12,D,2020,,357,27,12
"miércoles, 23 de diciembre de 2020",23,Dec,12,D,2020,,358,28,12
"jueves, 24 de diciembre de 2020",24,Dec,12,D,2020,,359,29,12
"viernes, 25 de diciembre de 2020",25,Dec,12,D,2020,,360,30,12
"sábado, 26 de diciembre de 2020",26,Dec,12,D,2020,,361,1,13
"domingo, 27 de diciembre de 2020",27,Dec,12,D,2020,,362,2,13
"lunes, 28 de diciembre de 2020",28,Dec,12,D,2020,,363,3,13
"martes, 29 de diciembre de 2020",29,Dec,12,D,2020,,364,4,13
"miércoles, 30 de diciembre de 2020",30,Dec,12,D,2020,,365,5,13
"jueves, 31 de diciembre de 2020",31,Dec,12,D,2020,,366,6,13
