OperatorID,Operator
9,Jacque Frame
10,Hope Crane
477,Leon Figueroa
529,Duane Field
585,Maverick Vang
594,Baxter Sharma
642,Jameson Allman
713,Nile Stott
954,Luca Spears
1196,Izaan Donald
1268,Claudia Enriquez
1291,Indigo Esparza
1300,Gage Sanderson
1338,Milan Rivas
1358,Saif Corona
1364,Frank Rankin
1369,Varun Wardle
1382,Diego Griffiths
1383,Milena Villegas
1389,Romy Pineda
1390,Haider Watt
1391,Patrick Mcgee
1428,Keenan Patrick
1432,Philip Bright
1457,Matt Hewitt
1466,Aleister Crossley
1467,Willis Noel
1469,Amandeep Bates
1470,Landon Clarke
1475,Ewan Savage
1476,Tyreese Lyon
1478,Woodrow Mcgee
1481,Colby Santana
1486,Makenzie Pickett
1490,Kamran Meyer
1491,Kaden Landry
