ProductID,Description,ItemsPerHour
210835PEP05,PRODUCT01,24227
231125,PRODUCT02,13298
210950,PRODUCT03,10353
233825,PRODUCT04,8074
210710,PRODUCT05,7485
233490PEP04,PRODUCT06,4221
232415PEP04,PRODUCT07,4096
230585,PRODUCT08,3832
232135PEP05,PRODUCT09,3650
220370PEP03,PRODUCT10,3621
232900PEP03,PRODUCT11,3520
231195PEP04,PRODUCT12,3360
233205,PRODUCT13,3288
220335PEP04,PRODUCT14,3129
230675PEP04,PRODUCT15,2732
232135PEP04,PRODUCT16,2666
233855PEP02,PRODUCT17,2370
230190PEP05,PRODUCT18,2331
210520PEP02,PRODUCT19,2324
230505,PRODUCT20,2108
210840,PRODUCT21,2084
233125PEP04,PRODUCT22,1881
231125PEP05,PRODUCT23,1878
233890PEP01,PRODUCT24,1783
233540,PRODUCT25,1775
231540PEP02,PRODUCT26,1725
233890PEP04,PRODUCT27,1718
232415PEP01,PRODUCT28,1716
230590PEP04,PRODUCT29,1670
233171,PRODUCT30,1668
230670PEP04,PRODUCT31,1628
231145PEP04,PRODUCT32,1613
232275PEP01,PRODUCT33,1577
233425PEP04,PRODUCT34,1558
230690PEP01,PRODUCT35,1544
230005PEP06,PRODUCT36,1528
233340PEP01,PRODUCT37,1458
233340PEP05,PRODUCT38,1457
233825PEP04,PRODUCT39,1454
231490PEP04,PRODUCT40,1442
233400PEP04,PRODUCT41,1409
233205PEP04,PRODUCT42,1394
232855PEP04,PRODUCT43,1391
233680,PRODUCT44,1362
210835,PRODUCT45,1351
231135,PRODUCT46,1334
231540PEP04,PRODUCT47,1322
210380,PRODUCT48,1320
210640,PRODUCT49,1315
220365PEP01,PRODUCT50,1305
230670PEP01,PRODUCT51,1298
233540PEP01,PRODUCT52,1247
231125PEP03,PRODUCT53,1222
231530PEP04,PRODUCT54,1215
210805PEP05,PRODUCT55,1207
230180PEP06,PRODUCT56,1202
232405PEP01,PRODUCT57,1188
233665PEP04,PRODUCT58,1177
232405PEP04,PRODUCT59,1176
233930PEP04,PRODUCT60,1155
232690PEP01,PRODUCT61,1130
233490PEP01,PRODUCT62,1117
230185PEP05,PRODUCT63,1109
230675PEP01,PRODUCT64,1082
230690PEP04,PRODUCT65,1082
230585PEP01,PRODUCT66,1081
230630PEP04,PRODUCT67,1077
210520PEP01,PRODUCT68,1070
210575PEP01,PRODUCT69,1064
233125PEP02,PRODUCT70,1059
231540PEP01,PRODUCT71,1059
233825PEP01,PRODUCT72,1044
231125PEP01,PRODUCT73,1041
231505PEP01,PRODUCT74,1012
230180PEP01,PRODUCT75,1003
230680PEP04,PRODUCT76,1001
230710PEP02,PRODUCT77,992
235351PEP01,PRODUCT78,986
232045PEP04,PRODUCT79,979
233740PEP01,PRODUCT80,976
233250PEP01,PRODUCT81,976
230585PEP04,PRODUCT82,976
232895PEP03,PRODUCT83,971
220280PEP04,PRODUCT84,970
210615PEP01,PRODUCT85,956
210670PEP01,PRODUCT86,953
230650PEP04,PRODUCT87,942
233675PEP04,PRODUCT88,939
231145PEP01,PRODUCT89,938
210580PEP01,PRODUCT90,938
230190PEP01,PRODUCT91,925
232855PEP01,PRODUCT92,923
230140PEP01,PRODUCT93,915
232045PEP01,PRODUCT94,914
233960PEP04,PRODUCT95,914
230130PEP01,PRODUCT96,912
233205PEP01,PRODUCT97,912
233255PEP04,PRODUCT98,908
232140PEP01,PRODUCT99,905
233425PEP01,PRODUCT100,892
230180PEP04,PRODUCT101,891
231195PEP01,PRODUCT102,883
233665PEP01,PRODUCT103,881
230590PEP01,PRODUCT104,868
231130,PRODUCT105,867
233815PEP02,PRODUCT106,859
233125PEP01,PRODUCT107,850
233980PEP04,PRODUCT108,840
210710PEP01,PRODUCT109,839
233740PEP04,PRODUCT110,838
220395PEP01,PRODUCT111,837
230505PEP01,PRODUCT112,835
232415PEP03,PRODUCT113,834
233260PEP05,PRODUCT114,831
234045PEP04,PRODUCT115,830
232085PEP01,PRODUCT116,828
230650PEP01,PRODUCT117,811
210645PEP01,PRODUCT118,811
210640PEP01,PRODUCT119,808
510127PEP01,PRODUCT120,803
232405PEP03,PRODUCT121,796
233315PEP01,PRODUCT122,795
210945PEP01,PRODUCT123,784
230665PEP04,PRODUCT124,783
233250PEP05,PRODUCT125,772
230645PEP01,PRODUCT126,771
232140PEP04,PRODUCT127,768
230630PEP03,PRODUCT128,762
230720PEP03,PRODUCT129,759
210985PEP01,PRODUCT130,756
230720PEP01,PRODUCT131,752
233255PEP01,PRODUCT132,748
233255PEP05,PRODUCT133,740
231310PEP01,PRODUCT134,738
210980PEP01,PRODUCT135,737
231505PEP04,PRODUCT136,737
230585PEP02,PRODUCT137,735
233260PEP01,PRODUCT138,735
230220PEP04,PRODUCT139,733
210940PEP01,PRODUCT140,728
210940PEP02,PRODUCT141,726
233675PEP01,PRODUCT142,725
230135PEP04,PRODUCT143,725
210375PEP01,PRODUCT144,715
230140PEP03,PRODUCT145,712
233665PEP02,PRODUCT146,712
232970PEP05,PRODUCT147,710
230130PEP04,PRODUCT148,709
233330PEP04,PRODUCT149,704
230926PEP01,PRODUCT150,701
233990PEP01,PRODUCT151,700
230400,PRODUCT152,693
233171PEP01,PRODUCT153,693
210805PEP01,PRODUCT154,691
510126PEP01,PRODUCT155,689
233855PEP01,PRODUCT156,683
210810PEP01,PRODUCT157,680
210975PEP01,PRODUCT158,673
210710PEP05,PRODUCT159,672
210765PEP05,PRODUCT160,672
233330PEP01,PRODUCT161,669
210770PEP01,PRODUCT162,668
210640PEP04,PRODUCT163,659
210640PEP05,PRODUCT164,658
232235PEP04,PRODUCT165,655
230185PEP01,PRODUCT166,652
220280PEP01,PRODUCT167,645
230680PEP01,PRODUCT168,644
230675PEP02,PRODUCT169,640
210570PEP01,PRODUCT170,639
210670PEP05,PRODUCT171,635
233315PEP04,PRODUCT172,635
210850PEP01,PRODUCT173,634
230190PEP04,PRODUCT174,633
233995PEP01,PRODUCT175,625
220335PEP01,PRODUCT176,620
230140PEP05,PRODUCT177,619
232910PEP01,PRODUCT178,614
220115PEP04,PRODUCT179,614
232135PEP01,PRODUCT180,609
210700PEP01,PRODUCT181,603
234070PEP01,PRODUCT182,595
233980PEP01,PRODUCT183,594
233870PEP01,PRODUCT184,593
232491PEP04,PRODUCT185,587
230260PEP01,PRODUCT186,583
230665PEP01,PRODUCT187,582
210815PEP01,PRODUCT188,577
233730PEP01,PRODUCT189,575
210645PEP03,PRODUCT190,574
233870PEP04,PRODUCT191,571
232140PEP05,PRODUCT192,570
231305PEP04,PRODUCT193,570
231995PEP04,PRODUCT194,569
230185PEP04,PRODUCT195,568
231140PEP03,PRODUCT196,567
230400PEP04,PRODUCT197,566
232140PEP03,PRODUCT198,564
230140PEP04,PRODUCT199,564
233400PEP01,PRODUCT200,563
230005PEP01,PRODUCT201,562
232275PEP04,PRODUCT202,562
510005PEP06,PRODUCT203,561
210505PEP01,PRODUCT204,559
232495PEP03,PRODUCT205,558
220370PEP01,PRODUCT206,557
233540PEP04,PRODUCT207,557
230400PEP01,PRODUCT208,553
230220PEP01,PRODUCT209,553
233110PEP05,PRODUCT210,553
220355PEP01,PRODUCT211,552
230135PEP01,PRODUCT212,551
231195PEP03,PRODUCT213,550
231490PEP01,PRODUCT214,541
233665PEP03,PRODUCT215,541
210395PEP01,PRODUCT216,541
230410PEP01,PRODUCT217,540
233545PEP05,PRODUCT218,540
210305PEP01,PRODUCT219,539
210950PEP01,PRODUCT220,539
234060PEP04,PRODUCT221,537
234045PEP03,PRODUCT222,536
230180PEP03,PRODUCT223,534
231540PEP03,PRODUCT224,529
210380PEP01,PRODUCT225,527
233870PEP03,PRODUCT226,525
230625PEP01,PRODUCT227,524
231545PEP01,PRODUCT228,518
220330PEP01,PRODUCT229,518
233125PEP03,PRODUCT230,517
230005PEP03,PRODUCT231,512
230385PEP01,PRODUCT232,509
210855PEP01,PRODUCT233,507
233315PEP05,PRODUCT234,507
230650PEP03,PRODUCT235,503
232690PEP02,PRODUCT236,503
232910PEP03,PRODUCT237,500
210640PEP02,PRODUCT238,496
210615PEP03,PRODUCT239,494
231725,PRODUCT240,494
233171PEP04,PRODUCT241,494
232970PEP04,PRODUCT242,487
234080PEP03,PRODUCT243,487
233610PEP06,PRODUCT244,484
210915PEP03,PRODUCT245,483
231485PEP01,PRODUCT246,482
231305PEP03,PRODUCT247,480
230220PEP02,PRODUCT248,478
233211PEP01,PRODUCT249,478
232765PEP01,PRODUCT250,477
233560PEP01,PRODUCT251,476
233990PEP03,PRODUCT252,476
233211PEP04,PRODUCT253,476
231135PEP01,PRODUCT254,475
220370PEP02,PRODUCT255,473
231545PEP03,PRODUCT256,469
233260PEP04,PRODUCT257,469
210945PEP02,PRODUCT258,466
210770PEP05,PRODUCT259,466
233930PEP03,PRODUCT260,463
231545PEP04,PRODUCT261,463
233216PEP04,PRODUCT262,462
230645PEP04,PRODUCT263,461
210805PEP04,PRODUCT264,459
942001PEP02,PRODUCT265,459
231310PEP04,PRODUCT266,459
233725PEP03,PRODUCT267,458
210071PEP03,PRODUCT268,458
210415PEP01,PRODUCT269,453
230585PEP03,PRODUCT270,453
231125PEP04,PRODUCT271,453
233995PEP03,PRODUCT272,450
232985PEP04,PRODUCT273,450
233400PEP03,PRODUCT274,450
210950PEP04,PRODUCT275,447
233875PEP03,PRODUCT276,447
210665PEP01,PRODUCT277,447
233825PEP03,PRODUCT278,447
230505PEP05,PRODUCT279,446
210575PEP05,PRODUCT280,440
230665PEP02,PRODUCT281,439
231140PEP04,PRODUCT282,439
231490PEP03,PRODUCT283,438
232765PEP04,PRODUCT284,436
233825PEP02,PRODUCT285,431
210980PEP02,PRODUCT286,430
230180PEP02,PRODUCT287,428
231620PEP01,PRODUCT288,427
220005PEP01,PRODUCT289,427
233110PEP01,PRODUCT290,427
233755PEP01,PRODUCT291,425
233855PEP04,PRODUCT292,422
232970PEP01,PRODUCT293,422
231135PEP04,PRODUCT294,422
232235PEP05,PRODUCT295,420
230395PEP01,PRODUCT296,420
234070PEP04,PRODUCT297,418
230926PEP04,PRODUCT298,418
230190PEP03,PRODUCT299,417
230625PEP04,PRODUCT300,415
232501PEP01,PRODUCT301,412
231430PEP03,PRODUCT302,410
233120PEP04,PRODUCT303,409
230675PEP03,PRODUCT304,408
230395PEP05,PRODUCT305,406
230185PEP02,PRODUCT306,406
230720PEP06,PRODUCT307,404
233120PEP01,PRODUCT308,403
233560PEP04,PRODUCT309,403
210950PEP02,PRODUCT310,402
232571PEP01,PRODUCT311,402
232135PEP03,PRODUCT312,402
210385PEP03,PRODUCT313,402
231785PEP01,PRODUCT314,399
233490PEP02,PRODUCT315,398
232895PEP02,PRODUCT316,398
210505PEP03,PRODUCT317,398
232770PEP01,PRODUCT318,398
210810PEP03,PRODUCT319,397
233100PEP01,PRODUCT320,396
210560PEP01,PRODUCT321,396
210635PEP01,PRODUCT322,394
210665PEP05,PRODUCT323,393
233340PEP02,PRODUCT324,392
220335PEP03,PRODUCT325,391
231485PEP04,PRODUCT326,390
231530PEP03,PRODUCT327,389
210310PEP03,PRODUCT328,388
231485PEP03,PRODUCT329,387
233995PEP05,PRODUCT330,383
233260PEP03,PRODUCT331,383
233540PEP02,PRODUCT332,380
233985PEP04,PRODUCT333,378
230680PEP03,PRODUCT334,377
233205PEP03,PRODUCT335,377
232405PEP02,PRODUCT336,376
231140PEP01,PRODUCT337,376
232235PEP01,PRODUCT338,376
231310PEP03,PRODUCT339,376
230065PEP03,PRODUCT340,374
233211PEP02,PRODUCT341,370
230670PEP02,PRODUCT342,369
510005PEP01,PRODUCT343,369
210765PEP01,PRODUCT344,368
210580PEP03,PRODUCT345,366
230185PEP03,PRODUCT346,365
233930PEP02,PRODUCT347,365
240005PEP03,PRODUCT348,365
233930PEP01,PRODUCT349,365
232571PEP04,PRODUCT350,363
233565PEP01,PRODUCT351,360
230665PEP03,PRODUCT352,360
210975PEP03,PRODUCT353,359
232900PEP01,PRODUCT354,357
230720PEP05,PRODUCT355,357
230505PEP04,PRODUCT356,357
230670PEP03,PRODUCT357,356
232970PEP02,PRODUCT358,356
233260PEP02,PRODUCT359,356
230650PEP02,PRODUCT360,355
210620PEP02,PRODUCT361,354
510125PEP01,PRODUCT362,354
233960PEP03,PRODUCT363,354
232985PEP03,PRODUCT364,353
233995PEP04,PRODUCT365,352
210620PEP03,PRODUCT366,351
233875PEP04,PRODUCT367,351
233755PEP03,PRODUCT368,350
233255PEP03,PRODUCT369,350
210390PEP03,PRODUCT370,349
220400PEP03,PRODUCT371,347
230645PEP03,PRODUCT372,347
231785PEP03,PRODUCT373,346
231305PEP01,PRODUCT374,345
233990PEP04,PRODUCT375,344
230005PEP04,PRODUCT376,343
210370PEP03,PRODUCT377,342
233865PEP01,PRODUCT378,341
233315PEP02,PRODUCT379,341
231130PEP05,PRODUCT380,341
210370PEP01,PRODUCT381,341
231505PEP03,PRODUCT382,340
233985PEP03,PRODUCT383,340
233820PEP03,PRODUCT384,339
231430PEP01,PRODUCT385,338
230400PEP05,PRODUCT386,338
230720PEP04,PRODUCT387,338
210610PEP01,PRODUCT388,337
233315PEP03,PRODUCT389,336
230065PEP01,PRODUCT390,335
220115PEP01,PRODUCT391,335
510005PEP04,PRODUCT392,334
232045PEP03,PRODUCT393,330
230385PEP05,PRODUCT394,330
230400PEP02,PRODUCT395,329
233425PEP03,PRODUCT396,329
233221PEP04,PRODUCT397,329
232900PEP05,PRODUCT398,327
231135PEP07,PRODUCT399,326
232910PEP04,PRODUCT400,325
230590PEP02,PRODUCT401,324
231866PEP01,PRODUCT402,323
230140PEP02,PRODUCT403,323
231505PEP02,PRODUCT404,322
230385PEP03,PRODUCT405,322
232855PEP02,PRODUCT406,322
233985PEP01,PRODUCT407,316
231125PEP02,PRODUCT408,315
230395PEP04,PRODUCT409,312
233545PEP03,PRODUCT410,312
230690PEP03,PRODUCT411,311
220355PEP02,PRODUCT412,311
233760PEP01,PRODUCT413,311
210620PEP05,PRODUCT414,311
233960PEP02,PRODUCT415,310
232970PEP03,PRODUCT416,309
230135PEP05,PRODUCT417,308
232085PEP04,PRODUCT418,308
233740PEP02,PRODUCT419,307
210565PEP01,PRODUCT420,306
233221PEP01,PRODUCT421,305
231995PEP05,PRODUCT422,304
210390PEP01,PRODUCT423,303
232275PEP03,PRODUCT424,303
233540PEP03,PRODUCT425,302
230130PEP05,PRODUCT426,301
210570PEP02,PRODUCT427,301
231195PEP02,PRODUCT428,301
230095PEP04,PRODUCT429,300
233740PEP03,PRODUCT430,300
233725PEP01,PRODUCT431,297
231140PEP07,PRODUCT432,295
210305PEP03,PRODUCT433,294
210640PEP03,PRODUCT434,293
210061PEP03,PRODUCT435,293
233120PEP03,PRODUCT436,292
231145PEP09,PRODUCT437,292
210770PEP03,PRODUCT438,290
230395PEP03,PRODUCT439,289
510005PEP05,PRODUCT440,287
230410PEP04,PRODUCT441,286
231130PEP01,PRODUCT442,285
235351PEP02,PRODUCT443,281
230410PEP05,PRODUCT444,281
233730PEP04,PRODUCT445,280
220280PEP02,PRODUCT446,279
230625PEP03,PRODUCT447,278
230625PEP02,PRODUCT448,278
233565PEP04,PRODUCT449,278
230005PEP02,PRODUCT450,274
231995PEP03,PRODUCT451,272
230630PEP02,PRODUCT452,270
230340PEP02,PRODUCT453,269
232045PEP02,PRODUCT454,268
230130PEP02,PRODUCT455,267
210310PEP01,PRODUCT456,267
231145PEP02,PRODUCT457,266
233255PEP02,PRODUCT458,266
210700PEP03,PRODUCT459,265
233610PEP01,PRODUCT460,265
230690PEP02,PRODUCT461,264
232571PEP03,PRODUCT462,261
233110PEP02,PRODUCT463,259
233760PEP04,PRODUCT464,259
233110PEP03,PRODUCT465,258
230190PEP02,PRODUCT466,258
231305PEP02,PRODUCT467,257
231995PEP01,PRODUCT468,256
232855PEP03,PRODUCT469,256
233755PEP02,PRODUCT470,256
231140PEP09,PRODUCT471,254
230065PEP04,PRODUCT472,253
220115PEP03,PRODUCT473,253
233410PEP02,PRODUCT474,253
231785PEP05,PRODUCT475,252
230265PEP03,PRODUCT476,250
210770PEP02,PRODUCT477,250
231140PEP02,PRODUCT478,250
210765PEP04,PRODUCT479,250
233770PEP04,PRODUCT480,250
210645PEP11,PRODUCT481,249
232135PEP02,PRODUCT482,248
233171PEP03,PRODUCT483,248
230680PEP02,PRODUCT484,247
233815PEP04,PRODUCT485,247
233545PEP02,PRODUCT486,246
231775PEP01,PRODUCT487,246
231545PEP02,PRODUCT488,244
220280PEP03,PRODUCT489,243
230135PEP03,PRODUCT490,242
210805PEP02,PRODUCT491,242
233425PEP02,PRODUCT492,240
210615PEP04,PRODUCT493,240
233556PEP02,PRODUCT494,239
231310PEP02,PRODUCT495,239
210635PEP03,PRODUCT496,239
231785PEP04,PRODUCT497,239
210975PEP02,PRODUCT498,238
233221PEP03,PRODUCT499,238
210061PEP01,PRODUCT500,238
234045PEP01,PRODUCT501,238
233490PEP03,PRODUCT502,238
231620PEP06,PRODUCT503,238
231135PEP06,PRODUCT504,237
230505PEP03,PRODUCT505,237
233100PEP04,PRODUCT506,236
210565PEP05,PRODUCT507,235
232985PEP02,PRODUCT508,235
232415PEP02,PRODUCT509,235
234080PEP01,PRODUCT510,235
233875PEP02,PRODUCT511,234
233995PEP02,PRODUCT512,233
232895PEP06,PRODUCT513,232
210580PEP02,PRODUCT514,231
510005PEP03,PRODUCT515,231
210765PEP03,PRODUCT516,229
233330PEP03,PRODUCT517,229
220335PEP02,PRODUCT518,229
232895PEP01,PRODUCT519,229
210700PEP02,PRODUCT520,228
233770PEP01,PRODUCT521,227
233820PEP01,PRODUCT522,225
231725PEP05,PRODUCT523,225
233610PEP03,PRODUCT524,224
230400PEP03,PRODUCT525,224
233545PEP01,PRODUCT526,224
210575PEP02,PRODUCT527,223
232985PEP01,PRODUCT528,223
233565PEP03,PRODUCT529,223
232910PEP02,PRODUCT530,222
233205PEP02,PRODUCT531,222
231866PEP04,PRODUCT532,221
231785PEP02,PRODUCT533,221
233990PEP02,PRODUCT534,221
230265PEP01,PRODUCT535,221
230540PEP05,PRODUCT536,221
240005PEP02,PRODUCT537,221
230095PEP02,PRODUCT538,220
231145PEP03,PRODUCT539,220
510005PEP02,PRODUCT540,220
210570PEP03,PRODUCT541,219
233980PEP03,PRODUCT542,219
210071PEP02,PRODUCT543,217
231430PEP05,PRODUCT544,217
220115PEP02,PRODUCT545,215
210985PEP02,PRODUCT546,215
234070PEP02,PRODUCT547,213
220330PEP02,PRODUCT548,213
233960PEP01,PRODUCT549,213
210835PEP03,PRODUCT550,212
233560PEP03,PRODUCT551,212
210670PEP02,PRODUCT552,211
230220PEP03,PRODUCT553,211
210635PEP02,PRODUCT554,211
233770PEP03,PRODUCT555,210
210840PEP01,PRODUCT556,209
210945PEP04,PRODUCT557,208
231130PEP07,PRODUCT558,207
233340PEP04,PRODUCT559,207
230540PEP01,PRODUCT560,207
230395PEP02,PRODUCT561,206
233855PEP03,PRODUCT562,206
210380PEP03,PRODUCT563,203
220036PEP01,PRODUCT564,202
210710PEP02,PRODUCT565,201
210765PEP02,PRODUCT566,201
233171PEP02,PRODUCT567,201
210770PEP04,PRODUCT568,201
232571PEP02,PRODUCT569,200
210815PEP02,PRODUCT570,200
210810PEP02,PRODUCT571,200
233870PEP02,PRODUCT572,199
234080PEP02,PRODUCT573,199
233980PEP02,PRODUCT574,198
230926PEP03,PRODUCT575,198
233330PEP02,PRODUCT576,197
231145PEP07,PRODUCT577,196
230135PEP02,PRODUCT578,196
220330PEP03,PRODUCT579,196
232140PEP02,PRODUCT580,194
233730PEP03,PRODUCT581,193
233216PEP03,PRODUCT582,193
220330PEP05,PRODUCT583,192
231725PEP01,PRODUCT584,191
233400PEP02,PRODUCT585,191
231995PEP02,PRODUCT586,189
230410PEP03,PRODUCT587,187
233216PEP02,PRODUCT588,187
233556PEP06,PRODUCT589,187
232491PEP01,PRODUCT590,186
233221PEP02,PRODUCT591,186
232275PEP05,PRODUCT592,185
220005PEP04,PRODUCT593,183
210815PEP03,PRODUCT594,182
235351PEP03,PRODUCT595,181
230385PEP04,PRODUCT596,181
232895PEP04,PRODUCT597,181
232495PEP04,PRODUCT598,180
210915PEP02,PRODUCT599,180
231430PEP02,PRODUCT600,178
234060PEP02,PRODUCT601,177
231725PEP08,PRODUCT602,176
233890PEP02,PRODUCT603,176
233875PEP01,PRODUCT604,176
230710PEP01,PRODUCT605,175
230065PEP02,PRODUCT606,175
210985PEP04,PRODUCT607,174
233675PEP02,PRODUCT608,173
231135PEP03,PRODUCT609,172
233985PEP05,PRODUCT610,171
210071PEP01,PRODUCT611,171
232900PEP02,PRODUCT612,171
231485PEP02,PRODUCT613,171
233211PEP03,PRODUCT614,170
231620PEP02,PRODUCT615,170
231135PEP02,PRODUCT616,170
231725PEP02,PRODUCT617,169
233410PEP06,PRODUCT618,169
230260PEP04,PRODUCT619,168
233770PEP02,PRODUCT620,168
232501PEP03,PRODUCT621,168
232985PEP05,PRODUCT622,167
232235PEP03,PRODUCT623,166
233865PEP02,PRODUCT624,165
232491PEP03,PRODUCT625,164
230065PEP05,PRODUCT626,164
233865PEP03,PRODUCT627,164
234055PEP01,PRODUCT628,163
232495PEP02,PRODUCT629,162
231530PEP02,PRODUCT630,162
240010PEP05,PRODUCT631,162
210835PEP01,PRODUCT632,162
233565PEP02,PRODUCT633,161
230385PEP02,PRODUCT634,161
231490PEP02,PRODUCT635,161
232085PEP03,PRODUCT636,160
233820PEP02,PRODUCT637,159
233820PEP05,PRODUCT638,158
210565PEP03,PRODUCT639,158
231530PEP01,PRODUCT640,157
210620PEP07,PRODUCT641,157
210560PEP03,PRODUCT642,157
210061PEP02,PRODUCT643,157
235351PEP04,PRODUCT644,157
230340PEP03,PRODUCT645,156
233610PEP05,PRODUCT646,155
232765PEP02,PRODUCT647,154
233730PEP02,PRODUCT648,153
231620PEP05,PRODUCT649,153
220382PEP01,PRODUCT650,153
240010PEP03,PRODUCT651,153
233680PEP04,PRODUCT652,152
232085PEP02,PRODUCT653,152
230065PEP06,PRODUCT654,151
233500PEP01,PRODUCT655,149
232491PEP02,PRODUCT656,149
230260PEP02,PRODUCT657,149
232495PEP01,PRODUCT658,147
233125PEP06,PRODUCT659,147
233125PEP07,PRODUCT659,147
210645PEP02,PRODUCT660,146
233390PEP05,PRODUCT661,146
233485PEP01,PRODUCT662,146
233410PEP01,PRODUCT663,145
233985PEP02,PRODUCT664,144
233125PEP08,PRODUCT659,143
210645PEP10,PRODUCT665,142
230505PEP02,PRODUCT666,142
230095PEP01,PRODUCT667,142
233110PEP04,PRODUCT668,141
220036PEP03,PRODUCT669,140
231725PEP04,PRODUCT670,139
232855PEP05,PRODUCT671,139
232895PEP05,PRODUCT672,139
230710PEP04,PRODUCT673,139
233820PEP04,PRODUCT674,138
233390PEP03,PRODUCT675,137
231775PEP02,PRODUCT676,136
210665PEP02,PRODUCT677,135
232501PEP02,PRODUCT678,135
231145PEP08,PRODUCT679,135
210395PEP03,PRODUCT680,134
210380PEP02,PRODUCT681,134
210560PEP05,PRODUCT682,133
234050PEP01,PRODUCT683,133
210310PEP02,PRODUCT684,132
231140PEP08,PRODUCT685,132
233100PEP02,PRODUCT686,130
232900PEP04,PRODUCT687,130
210565PEP04,PRODUCT688,129
210840PEP03,PRODUCT689,129
234070PEP03,PRODUCT690,128
230340PEP04,PRODUCT691,124
210610PEP03,PRODUCT692,124
230340PEP05,PRODUCT693,124
240010PEP04,PRODUCT694,122
220037PEP05,PRODUCT695,120
210390PEP02,PRODUCT696,119
230410PEP02,PRODUCT697,119
234060PEP01,PRODUCT698,119
220355PEP03,PRODUCT699,117
231725PEP06,PRODUCT700,117
220005PEP02,PRODUCT701,117
210670PEP08,PRODUCT702,117
233556PEP01,PRODUCT703,116
233610PEP02,PRODUCT704,115
231620PEP03,PRODUCT705,113
232485PEP01,PRODUCT706,112
231620PEP04,PRODUCT707,111
220037PEP04,PRODUCT708,110
210565PEP02,PRODUCT709,109
220036PEP04,PRODUCT710,108
233125PEP05,PRODUCT659,108
232485PEP03,PRODUCT711,108
232985PEP08,PRODUCT712,108
230265PEP04,PRODUCT713,108
230130PEP03,PRODUCT714,107
230265PEP02,PRODUCT715,107
240010PEP02,PRODUCT716,107
231775PEP05,PRODUCT717,104
231775PEP03,PRODUCT718,104
210835PEP02,PRODUCT719,104
220005PEP03,PRODUCT720,103
232765PEP03,PRODUCT721,103
230540PEP04,PRODUCT722,103
210670PEP06,PRODUCT723,102
210915PEP01,PRODUCT724,102
233680PEP03,PRODUCT725,101
231135PEP05,PRODUCT504,101
210620PEP09,PRODUCT726,99
232501PEP04,PRODUCT727,99
230005PEP05,PRODUCT728,97
233760PEP03,PRODUCT729,97
233610PEP04,PRODUCT730,96
231725PEP03,PRODUCT731,96
210560PEP04,PRODUCT732,96
232485PEP02,PRODUCT733,95
233820PEP06,PRODUCT638,95
210620PEP10,PRODUCT734,95
235351PEP06,PRODUCT735,94
240005PEP01,PRODUCT736,94
230710PEP03,PRODUCT737,93
210560PEP02,PRODUCT738,92
231130PEP03,PRODUCT739,92
240010PEP01,PRODUCT740,91
220036PEP02,PRODUCT741,90
231775PEP04,PRODUCT742,89
231130PEP02,PRODUCT743,89
233725PEP02,PRODUCT744,89
220355PEP06,PRODUCT745,88
233500PEP02,PRODUCT746,88
220037PEP01,PRODUCT747,88
210385PEP02,PRODUCT748,87
210610PEP02,PRODUCT749,87
233865PEP04,PRODUCT750,87
210620PEP08,PRODUCT751,86
232485PEP04,PRODUCT752,85
230540PEP03,PRODUCT753,85
231145PEP05,PRODUCT754,85
210980PEP04,PRODUCT755,85
232970PEP07,PRODUCT756,84
233410PEP04,PRODUCT757,83
210645PEP07,PRODUCT758,82
220036PEP05,PRODUCT759,82
210385PEP01,PRODUCT760,82
210610PEP04,PRODUCT761,82
210645PEP08,PRODUCT758,79
210850PEP02,PRODUCT762,79
210305PEP06,PRODUCT763,77
233815PEP01,PRODUCT764,77
210620PEP01,PRODUCT765,77
233390PEP02,PRODUCT766,76
232970PEP06,PRODUCT767,76
233675PEP03,PRODUCT768,76
231140PEP05,PRODUCT769,71
231140PEP06,PRODUCT769,70
231725PEP07,PRODUCT770,70
232985PEP06,PRODUCT771,70
233216PEP01,PRODUCT772,69
233680PEP02,PRODUCT773,69
234045PEP02,PRODUCT774,68
210395PEP02,PRODUCT775,67
233410PEP05,PRODUCT776,67
230926PEP02,PRODUCT777,65
230590PEP03,PRODUCT778,64
233760PEP02,PRODUCT779,64
232910PEP07,PRODUCT780,63
240010PEP06,PRODUCT781,62
231145PEP06,PRODUCT754,61
234075PEP02,PRODUCT782,60
210645PEP09,PRODUCT783,58
233410PEP03,PRODUCT784,57
220330PEP09,PRODUCT785,57
210840PEP02,PRODUCT786,56
232275PEP02,PRODUCT787,55
235351PEP05,PRODUCT735,53
210940PEP04,PRODUCT788,53
233556PEP03,PRODUCT789,51
233815PEP07,PRODUCT790,51
220037PEP10,PRODUCT791,51
230260PEP03,PRODUCT792,50
220330PEP07,PRODUCT793,50
233770PEP08,PRODUCT794,48
231130PEP06,PRODUCT795,47
233556PEP05,PRODUCT796,47
220037PEP08,PRODUCT797,46
233820PEP07,PRODUCT798,46
231130PEP04,PRODUCT799,44
210670PEP07,PRODUCT800,42
210305PEP05,PRODUCT763,41
233560PEP02,PRODUCT801,41
232910PEP05,PRODUCT802,40
233556PEP04,PRODUCT803,39
232985PEP07,PRODUCT771,38
220355PEP04,PRODUCT804,38
210645PEP06,PRODUCT758,36
233100PEP05,PRODUCT805,35
233390PEP01,PRODUCT806,35
510127PEP05,PRODUCT807,34
510127PEP04,PRODUCT807,34
510127PEP06,PRODUCT808,33
220375PEP02,PRODUCT809,32
510127PEP07,PRODUCT808,32
233390PEP04,PRODUCT810,31
220355PEP05,PRODUCT811,30
210620PEP06,PRODUCT751,29
233770PEP05,PRODUCT812,29
220330PEP06,PRODUCT813,29
233680PEP01,PRODUCT814,29
230630PEP01,PRODUCT815,29
510127PEP03,PRODUCT816,28
220365PEP02,PRODUCT817,28
233815PEP06,PRODUCT818,27
233815PEP05,PRODUCT818,27
220036PEP12,PRODUCT819,26
210415PEP03,PRODUCT820,25
510125PEP03,PRODUCT821,24
220380PEP02,PRODUCT822,23
210610PEP05,PRODUCT761,21
230720PEP02,PRODUCT823,21
233120PEP02,PRODUCT824,20
210840PEP05,PRODUCT825,16
210415PEP02,PRODUCT820,15
233770PEP07,PRODUCT812,14
233770PEP06,PRODUCT812,14
220036PEP10,PRODUCT826,14
210670PEP09,PRODUCT171,14
220036PEP06,PRODUCT827,13
220037PEP07,PRODUCT828,12
220037PEP06,PRODUCT828,12
220037PEP02,PRODUCT829,12
220036PEP07,PRODUCT827,11
220036PEP09,PRODUCT826,11
232910PEP06,PRODUCT802,11
230340PEP01,PRODUCT830,11
231866PEP05,PRODUCT831,10
220036PEP08,PRODUCT826,10
230095PEP03,PRODUCT832,9
235351PEP07,PRODUCT833,4
100188,PRODUCT834,
210505PEP02,PRODUCT835,
231866PEP02,PRODUCT836,
210370PEP02,PRODUCT837,
232235PEP02,PRODUCT838,
220400PEP02,PRODUCT839,
210305PEP02,PRODUCT840,
231866PEP03,PRODUCT841,
234060PEP03,PRODUCT842,
210375PEP03,PRODUCT843,
230645PEP02,PRODUCT844,
233340PEP03,PRODUCT845,
233250PEP03,PRODUCT846,
220382PEP02,PRODUCT847,
233485PEP02,PRODUCT848,
220395PEP02,PRODUCT849,
210071PEP05,PRODUCT850,
210815PEP05,PRODUCT851,
210810PEP05,PRODUCT852,
233250PEP02,PRODUCT853,
220405PEP02,PRODUCT854,
